{"stats":{"minecraft:used":{"dynamictrees:staff":11,"alexsmobs:animal_dictionary":1,"minecraft:bone_meal":1,"dynamictrees:oak_seed":1},"minecraft:mined":{"minecraft:grass":2,"minecraft:acacia_log":1,"minecraft:vine":1,"minecraft:jungle_log":1,"minecraft:dirt":1,"minecraft:fern":1},"minecraft:custom":{"minecraft:time_since_rest":7604,"minecraft:crouch_one_cm":18,"minecraft:sprint_one_cm":3288,"minecraft:play_time":7604,"minecraft:damage_taken":90,"minecraft:walk_one_cm":14114,"minecraft:sneak_time":118,"minecraft:walk_under_water_one_cm":4193,"minecraft:jump":30,"minecraft:leave_game":3,"minecraft:walk_on_water_one_cm":585,"minecraft:time_since_death":7604,"minecraft:total_world_time":7604,"minecraft:fall_one_cm":2065,"minecraft:fly_one_cm":30885},"minecraft:picked_up":{"minecraft:stick":8,"minecraft:jungle_log":12,"minecraft:acacia_log":1,"minecraft:oak_log":4,"dynamictrees:oak_seed":2,"minecraft:dirt":1}},"DataVersion":3465}