{"stats":{"minecraft:picked_up":{"minecraft:cocoa_beans":15,"minecraft:crafting_table":4,"minecraft:feather":6,"minecraft:chicken":7,"minecraft:jungle_log":84,"minecraft:leather":2,"minecraft:lead":1,"minecraft:string":1,"minecraft:dirt":15,"minecraft:wheat_seeds":22,"alexsmobs:banana":1,"minecraft:cooked_chicken":3,"minecraft:jungle_sapling":1,"minecraft:light_gray_wool":6,"minecraft:bamboo":64,"minecraft:sugar_cane":15,"minecraft:egg":3,"minecraft:stick":63,"minecraft:sand":7,"minecraft:ink_sac":2,"minecraft:light_gray_bed":2,"minecraft:beetroot_seeds":3,"dynamictrees:jungle_seed":9,"minecraft:hay_block":2,"minecraft:light_gray_carpet":4,"minecraft:mangrove_propagule":2,"minecraft:iron_bars":4,"minecraft:cobblestone":44},"minecraft:killed_by":{"minecraft:skeleton":3,"minecraft:zombie":2,"alexsmobs:leafcutter_ant":1,"minecraft:iron_golem":1,"minecraft:drowned":1},"minecraft:killed":{"alexsmobs:guster":3,"minecraft:trader_llama":1,"alexsmobs:leafcutter_ant":1,"minecraft:chicken":7},"minecraft:custom":{"minecraft:mob_kills":12,"minecraft:interact_with_crafting_table":10,"minecraft:open_barrel":1,"minecraft:interact_with_campfire":3,"minecraft:leave_game":4,"minecraft:time_since_death":326,"minecraft:sleep_in_bed":2,"minecraft:climb_one_cm":2788,"minecraft:time_since_rest":359,"minecraft:sprint_one_cm":57009,"minecraft:damage_taken":2656,"minecraft:walk_one_cm":144327,"minecraft:drop":3,"minecraft:damage_dealt":1675,"minecraft:swim_one_cm":11662,"minecraft:fly_one_cm":129211,"minecraft:open_chest":14,"minecraft:crouch_one_cm":804,"minecraft:play_time":60838,"minecraft:deaths":9,"minecraft:sneak_time":658,"minecraft:walk_under_water_one_cm":14571,"minecraft:jump":523,"minecraft:walk_on_water_one_cm":14898,"minecraft:total_world_time":60838,"minecraft:fall_one_cm":12106},"minecraft:crafted":{"minecraft:crafting_table":3,"minecraft:jungle_boat":1,"minecraft:wooden_pickaxe":3,"minecraft:stone_axe":3,"minecraft:jungle_planks":68,"minecraft:light_gray_bed":2,"minecraft:stick":24,"minecraft:stone_pickaxe":3},"minecraft:used":{"minecraft:stone_sword":11,"minecraft:stone_pickaxe":4,"minecraft:baked_potato":2,"minecraft:light_gray_carpet":2,"minecraft:wooden_pickaxe":58,"minecraft:sugar_cane":11,"minecraft:jungle_boat":1,"minecraft:dirt":15,"minecraft:sand":1,"minecraft:crafting_table":5,"minecraft:jungle_planks":7,"minecraft:mangrove_propagule":2,"minecraft:iron_helmet":1,"minecraft:stone_axe":50,"minecraft:cobblestone":2,"minecraft:goat_horn":2,"dynamictrees:jungle_seed":9,"minecraft:light_gray_bed":4},"minecraft:mined":{"minecraft:light_gray_carpet":3,"alexsmobs:leafcutter_anthill":1,"minecraft:jungle_leaves":5,"minecraft:crafting_table":4,"minecraft:grass_block":3,"minecraft:jungle_log":17,"minecraft:dead_bush":2,"minecraft:light_gray_bed":2,"minecraft:sugar_cane":6,"minecraft:hay_block":2,"minecraft:wheat":19,"dynamictrees:jungle_root":1,"minecraft:light_gray_wool":6,"minecraft:grass":12,"minecraft:beetroots":3,"minecraft:cocoa":3,"minecraft:vine":10,"minecraft:iron_bars":4,"minecraft:dirt":12,"dynamictrees:jungle_undergrowth_leaves":1,"minecraft:bamboo":6,"minecraft:stone":44,"minecraft:oak_leaves":3,"minecraft:fern":11},"minecraft:dropped":{"minecraft:wheat_seeds":1,"minecraft:leather":2,"minecraft:wooden_pickaxe":1}},"DataVersion":3465}