{"stats":{"minecraft:killed_by":{"minecraft:skeleton":3,"minecraft:creeper":2,"minecraft:zombie":3,"alexsmobs:leafcutter_ant":1,"minecraft:iron_golem":1,"alexsmobs:rattlesnake":1,"minecraft:drowned":1},"minecraft:crafted":{"minecraft:coal":9,"farmersdelight:cooked_mutton_chops":3,"minecraft:crafting_table":4,"minecraft:jungle_boat":1,"minecraft:wooden_pickaxe":4,"minecraft:stone_axe":3,"minecraft:cooked_mutton":2,"minecraft:air":0,"minecraft:jungle_planks":124,"minecraft:light_gray_bed":2,"minecraft:stick":24,"minecraft:iron_pickaxe":1,"minecraft:stone_pickaxe":3,"minecraft:wheat":171},"minecraft:custom":{"minecraft:mob_kills":14,"minecraft:interact_with_crafting_table":13,"minecraft:open_barrel":1,"minecraft:interact_with_campfire":3,"minecraft:leave_game":6,"minecraft:time_since_death":5216,"minecraft:sleep_in_bed":6,"minecraft:climb_one_cm":3333,"minecraft:time_since_rest":5274,"minecraft:sprint_one_cm":71156,"minecraft:damage_taken":3761,"minecraft:walk_one_cm":247970,"minecraft:drop":6,"minecraft:damage_dealt":1953,"minecraft:talked_to_villager":2,"minecraft:swim_one_cm":27705,"minecraft:fly_one_cm":145029,"minecraft:open_chest":53,"minecraft:crouch_one_cm":954,"minecraft:play_time":89053,"minecraft:sneak_time":898,"minecraft:deaths":13,"minecraft:walk_under_water_one_cm":21302,"minecraft:jump":744,"minecraft:walk_on_water_one_cm":16927,"minecraft:interact_with_smoker":3,"minecraft:total_world_time":89053,"minecraft:fall_one_cm":14658},"minecraft:killed":{"alexsmobs:guster":3,"alexsmobs:rattlesnake":1,"minecraft:trader_llama":1,"minecraft:zombie":1,"alexsmobs:leafcutter_ant":1,"minecraft:chicken":7},"minecraft:used":{"minecraft:stone_sword":11,"minecraft:stone_pickaxe":4,"minecraft:baked_potato":2,"minecraft:light_gray_carpet":2,"minecraft:wooden_pickaxe":75,"minecraft:sugar_cane":11,"minecraft:jungle_boat":1,"minecraft:dirt":17,"minecraft:sand":1,"minecraft:crafting_table":7,"minecraft:jungle_planks":7,"minecraft:jungle_slab":1,"minecraft:lantern":1,"minecraft:mangrove_propagule":2,"minecraft:iron_pickaxe":21,"minecraft:iron_helmet":1,"minecraft:stone_axe":50,"minecraft:cobblestone":2,"minecraft:goat_horn":2,"minecraft:bucket":1,"minecraft:brown_bed":1,"dynamictrees:jungle_seed":9,"minecraft:light_gray_bed":4,"minecraft:golden_axe":1},"minecraft:mined":{"minecraft:light_gray_carpet":3,"minecraft:jungle_slab":1,"alexsmobs:leafcutter_anthill":1,"minecraft:jungle_leaves":5,"minecraft:crafting_table":6,"minecraft:blast_furnace":1,"minecraft:grass_block":5,"minecraft:jungle_log":17,"minecraft:dead_bush":2,"minecraft:light_gray_bed":2,"minecraft:coal_block":1,"minecraft:sugar_cane":6,"minecraft:hay_block":51,"minecraft:wheat":19,"minecraft:fire":1,"dynamictrees:jungle_root":1,"minecraft:light_gray_wool":6,"minecraft:yellow_bed":1,"minecraft:brown_bed":2,"minecraft:grass":22,"minecraft:coal_ore":16,"minecraft:beetroots":3,"minecraft:cocoa":3,"minecraft:vine":11,"minecraft:iron_bars":4,"minecraft:dirt":14,"dynamictrees:jungle_undergrowth_leaves":2,"minecraft:bamboo":6,"dynamictrees:jungle_leaves":2,"minecraft:stone":50,"minecraft:oak_leaves":3,"minecraft:fern":13},"minecraft:picked_up":{"minecraft:cocoa_beans":20,"minecraft:crafting_table":6,"minecraft:feather":6,"minecraft:chicken":7,"minecraft:jungle_log":96,"minecraft:leather":2,"minecraft:lead":1,"minecraft:brown_bed":2,"minecraft:yellow_bed":1,"minecraft:dirt":25,"minecraft:jungle_trapdoor":1,"minecraft:string":1,"minecraft:lantern":4,"minecraft:wheat_seeds":23,"alexsmobs:banana":1,"minecraft:cooked_chicken":3,"minecraft:light_gray_wool":6,"minecraft:jungle_sapling":2,"minecraft:bamboo":64,"minecraft:coal_block":1,"minecraft:melon_slice":8,"minecraft:sugar_cane":15,"minecraft:egg":3,"minecraft:stick":73,"minecraft:sand":7,"minecraft:blast_furnace":1,"minecraft:ink_sac":2,"minecraft:jungle_slab":1,"minecraft:stripped_jungle_log":2,"minecraft:rotten_flesh":2,"minecraft:light_gray_bed":2,"minecraft:beetroot_seeds":3,"dynamictrees:jungle_seed":9,"minecraft:hay_block":48,"minecraft:coal":16,"minecraft:light_gray_carpet":4,"minecraft:melon_seeds":2,"minecraft:iron_bars":4,"minecraft:mangrove_propagule":2,"minecraft:cobblestone":50},"minecraft:dropped":{"minecraft:wheat_seeds":1,"minecraft:rotten_flesh":2,"minecraft:leather":2,"minecraft:wooden_pickaxe":2}},"DataVersion":3465}