{"stats":{"minecraft:custom":{"minecraft:time_since_rest":505,"minecraft:deaths":1,"minecraft:crouch_one_cm":211,"minecraft:walk_one_cm":6679,"minecraft:play_time":3607,"minecraft:sprint_one_cm":2874,"minecraft:damage_taken":270,"minecraft:sneak_time":489,"minecraft:walk_under_water_one_cm":1065,"minecraft:mob_kills":1,"minecraft:jump":29,"minecraft:damage_dealt":192,"minecraft:leave_game":1,"minecraft:time_since_death":429,"minecraft:walk_on_water_one_cm":2301,"minecraft:total_world_time":3607,"minecraft:fly_one_cm":1456},"minecraft:picked_up":{"minecraft:rotten_flesh":1,"minecraft:oak_log":9,"minecraft:glow_berries":2},"minecraft:killed":{"minecraft:zombie":1},"minecraft:killed_by":{"minecraft:skeleton":1},"minecraft:mined":{"minecraft:grass":1,"minecraft:oak_log":9,"minecraft:cave_vines":5,"minecraft:oak_leaves":4}},"DataVersion":3465}