{"stats":{"minecraft:custom":{"minecraft:time_since_rest":9249,"minecraft:sprint_one_cm":23960,"minecraft:damage_taken":786,"minecraft:walk_one_cm":100341,"minecraft:mob_kills":2,"minecraft:drop":8,"minecraft:animals_bred":1,"minecraft:damage_dealt":550,"minecraft:interact_with_crafting_table":2,"minecraft:talked_to_villager":5,"minecraft:fly_one_cm":365061,"minecraft:open_chest":7,"minecraft:crouch_one_cm":730,"minecraft:play_time":90971,"minecraft:deaths":2,"minecraft:sneak_time":3199,"minecraft:walk_under_water_one_cm":1944,"minecraft:jump":231,"minecraft:leave_game":14,"minecraft:walk_on_water_one_cm":5229,"minecraft:time_since_death":9200,"minecraft:climb_one_cm":2352,"minecraft:total_world_time":90971,"minecraft:fall_one_cm":2976},"minecraft:used":{"minecraft:creeper_spawn_egg":3,"minecraft:wheat_seeds":26,"minecraft:diamond_boots":1,"twilightforest:mangrove_banister":8,"minecraft:bread":1,"minecraft:iron_pickaxe":7,"twilightforest:mangrove_sapling":1,"minecraft:iron_sword":7,"minecraft:sugar_cane":17,"minecraft:skeleton_spawn_egg":2,"minecraft:bucket":1,"minecraft:spruce_fence":1,"minecraft:splash_potion":1,"minecraft:bone_meal":20,"minecraft:diamond_leggings":1},"minecraft:crafted":{"minecraft:oak_planks":64,"minecraft:stick":4,"minecraft:bread":53,"minecraft:wheat":153},"minecraft:picked_up":{"minecraft:stick":5,"minecraft:wheat":8,"minecraft:wooden_pickaxe":1,"minecraft:spruce_fence":1,"minecraft:oak_log":41,"minecraft:rotten_flesh":1,"dynamictrees:dark_oak_seed":1,"minecraft:wheat_seeds":28,"minecraft:diamond_leggings":1,"minecraft:diamond_boots":1,"minecraft:hay_block":17,"minecraft:stone_pickaxe":1,"minecraft:sugar_cane":17,"minecraft:glow_berries":2,"minecraft:white_wool":1,"minecraft:egg":1},"minecraft:dropped":{"minecraft:wheat_seeds":2,"minecraft:oak_log":64,"minecraft:diamond_leggings":1,"minecraft:iron_boots":1,"minecraft:stone_pickaxe":1,"minecraft:wooden_pickaxe":1},"minecraft:killed_by":{"alexsmobs:elephant":1,"minecraft:skeleton":1},"minecraft:killed":{"minecraft:zombie":1,"alexsmobs:terrapin":1},"minecraft:mined":{"minecraft:hay_block":17,"minecraft:wheat":8,"minecraft:grass":7,"minecraft:oak_log":9,"minecraft:cave_vines":5,"minecraft:tall_grass":3,"minecraft:sugar_cane":7,"minecraft:oak_leaves":4}},"DataVersion":3465}