{"stats":{"minecraft:used":{"alexsmobs:raw_catfish":2,"alexsmobs:animal_dictionary":2},"minecraft:killed":{"alexsmobs:fly":1,"alexsmobs:catfish":1},"minecraft:mined":{"minecraft:grass":3,"minecraft:grass_block":1,"minecraft:tall_grass":2,"minecraft:fern":1},"minecraft:custom":{"minecraft:time_since_rest":10625,"minecraft:damage_taken":755,"minecraft:play_time":15684,"minecraft:crouch_one_cm":39,"minecraft:sprint_one_cm":19090,"minecraft:deaths":3,"minecraft:walk_one_cm":25635,"minecraft:sneak_time":49,"minecraft:walk_under_water_one_cm":5582,"minecraft:mob_kills":2,"minecraft:jump":158,"minecraft:damage_dealt":200,"minecraft:leave_game":4,"minecraft:time_since_death":10555,"minecraft:walk_on_water_one_cm":2186,"minecraft:total_world_time":15684,"minecraft:climb_one_cm":354,"minecraft:swim_one_cm":401,"minecraft:fall_one_cm":4541,"minecraft:fly_one_cm":28509},"minecraft:picked_up":{"alexsmobs:raw_catfish":2,"minecraft:rotten_flesh":1,"alexsmobs:maggot":2,"minecraft:dirt":1},"minecraft:killed_by":{"minecraft:skeleton":1,"minecraft:spider":1,"minecraft:zombie":1}},"DataVersion":3465}