{"stats":{"minecraft:used":{"minecraft:chest":1,"minecraft:shield":53,"minecraft:iron_sword":202,"farmersdelight:rich_soil":4,"minecraft:iron_chestplate":1,"minecraft:dirt":2,"minecraft:spruce_fence":1,"minecraft:iron_axe":18,"minecraft:item_frame":1,"minecraft:dark_oak_boat":1,"minecraft:furnace":1,"minecraft:egg":1,"minecraft:cooked_beef":15,"alexsmobs:raw_catfish":3,"minecraft:water_bucket":10,"minecraft:diamond_boots":1,"minecraft:oak_planks":73,"minecraft:wooden_pickaxe":23,"minecraft:oak_slab":1,"minecraft:crafting_table":8,"minecraft:blast_furnace":1,"minecraft:white_bed":2,"minecraft:sponge":1,"minecraft:diamond_pickaxe":41,"minecraft:cornflower":1,"minecraft:sunflower":1,"minecraft:iron_pickaxe":167,"minecraft:golden_leggings":2,"minecraft:golden_helmet":2,"minecraft:wooden_sword":11,"minecraft:porkchop":3,"minecraft:bucket":10,"minecraft:oak_boat":1},"minecraft:custom":{"minecraft:mob_kills":61,"minecraft:interact_with_crafting_table":25,"minecraft:eat_cake_slice":7,"minecraft:leave_game":1,"minecraft:time_since_death":236,"minecraft:climb_one_cm":2253,"minecraft:sprint_one_cm":390544,"minecraft:walk_one_cm":175100,"minecraft:damage_blocked_by_shield":3795,"minecraft:drop":63,"minecraft:damage_dealt_absorbed":80,"minecraft:talked_to_villager":4,"minecraft:play_time":108002,"minecraft:deaths":20,"minecraft:sneak_time":12127,"minecraft:walk_under_water_one_cm":14293,"minecraft:jump":2416,"minecraft:interact_with_blast_furnace":12,"minecraft:walk_on_water_one_cm":24168,"minecraft:total_world_time":108002,"minecraft:interact_with_furnace":12,"minecraft:sleep_in_bed":3,"minecraft:time_since_rest":354,"minecraft:damage_taken":6586,"minecraft:damage_dealt":12930,"minecraft:swim_one_cm":62897,"minecraft:fly_one_cm":526076,"minecraft:open_chest":24,"minecraft:crouch_one_cm":33464,"minecraft:interact_with_smoker":4,"minecraft:fall_one_cm":55781},"minecraft:broken":{"minecraft:shield":1},"minecraft:crafted":{"minecraft:wooden_sword":1,"minecraft:oak_planks":176,"minecraft:dark_oak_boat":1,"minecraft:iron_axe":1,"minecraft:chest":1,"minecraft:dark_oak_planks":40,"sophisticatedbackpacks:iron_backpack":1,"minecraft:cooked_beef":23,"minecraft:cooked_porkchop":5,"minecraft:crafting_table":4,"minecraft:iron_helmet":1,"minecraft:wooden_pickaxe":1,"minecraft:iron_sword":1,"sophisticatedbackpacks:gold_backpack":1,"minecraft:bucket":1,"minecraft:dark_oak_button":8,"minecraft:air":0,"minecraft:oak_boat":1,"minecraft:iron_chestplate":1,"minecraft:diamond_pickaxe":1,"minecraft:shield":2,"minecraft:stick":24,"minecraft:iron_ingot":69,"minecraft:iron_pickaxe":2,"minecraft:gold_ingot":12,"minecraft:iron_leggings":1},"minecraft:picked_up":{"minecraft:crafting_table":5,"minecraft:wheat":2,"minecraft:leather_leggings":3,"minecraft:smithing_table":1,"minecraft:wooden_pickaxe":1,"minecraft:oak_stairs":1,"minecraft:enchanted_book":1,"minecraft:cornflower":1,"minecraft:string":2,"minecraft:item_frame":7,"minecraft:iron_leggings":1,"minecraft:armor_stand":7,"minecraft:cobbled_deepslate":25,"minecraft:beef":32,"minecraft:poppy":1,"minecraft:egg":1,"minecraft:iron_boots":1,"minecraft:furnace":2,"minecraft:golden_helmet":4,"minecraft:stick":2,"minecraft:raw_iron":69,"sophisticatedbackpacks:backpack":2,"minecraft:spruce_fence":3,"minecraft:porkchop":11,"minecraft:stone_button":2,"minecraft:redstone":73,"minecraft:arrow":20,"minecraft:rotten_flesh":12,"minecraft:diamond_boots":3,"minecraft:hay_block":37,"minecraft:obsidian":11,"minecraft:white_wool":5,"minecraft:cobblestone":8,"minecraft:sponge":1,"farmersdelight:rich_soil":4,"minecraft:leather_chestplate":4,"minecraft:feather":1,"minecraft:cooked_beef":1,"minecraft:andesite":1,"minecraft:leather":6,"minecraft:golden_leggings":4,"minecraft:smoker":1,"minecraft:potato":2,"alexsmobs:bison_fur":2,"minecraft:oak_log":44,"minecraft:gunpowder":2,"minecraft:lapis_lazuli":40,"minecraft:dirt":31,"minecraft:bone":11,"minecraft:apple":20,"minecraft:bow":1,"minecraft:wheat_seeds":4,"minecraft:raw_gold":17,"minecraft:grindstone":1,"minecraft:stone_pickaxe":2,"minecraft:cooked_chicken":1,"minecraft:iron_sword":1,"minecraft:oak_planks":11,"minecraft:book":1,"minecraft:oak_slab":1,"minecraft:sand":16,"sophisticatedbackpacks:iron_backpack":1,"minecraft:blast_furnace":2,"minecraft:white_bed":3,"minecraft:dark_oak_log":10,"minecraft:spider_eye":1,"minecraft:leather_helmet":3,"alexsmobs:raw_catfish":3,"minecraft:firework_rocket":1,"minecraft:diamond":10,"minecraft:writable_book":1,"minecraft:spruce_sign":2,"minecraft:bread":5,"minecraft:oak_sapling":2,"minecraft:coal":61,"minecraft:ender_pearl":1,"minecraft:sunflower":2},"minecraft:dropped":{"minecraft:spruce_sign":2,"minecraft:iron_sword":1,"minecraft:wheat_seeds":2,"minecraft:golden_helmet":1,"minecraft:iron_helmet":2,"minecraft:cobblestone":7,"minecraft:dark_oak_button":8,"minecraft:leather_helmet":3,"minecraft:item_frame":6,"minecraft:stone_button":1,"minecraft:oak_stairs":1,"minecraft:sunflower":1,"minecraft:sand":7,"minecraft:iron_pickaxe":1,"minecraft:iron_shovel":1,"minecraft:white_wool":4,"minecraft:redstone":9,"minecraft:armor_stand":3,"minecraft:cooked_chicken":1,"minecraft:cobbled_deepslate":10,"minecraft:rotten_flesh":8,"minecraft:oak_planks":1,"minecraft:iron_boots":1,"sophisticatedbackpacks:backpack":1,"minecraft:spruce_fence":2,"minecraft:poppy":1,"minecraft:leather_chestplate":4,"minecraft:beetroot_seeds":4,"minecraft:andesite":1,"minecraft:golden_leggings":1,"minecraft:oak_sapling":2,"minecraft:leather_leggings":3,"minecraft:diamond_boots":2,"minecraft:stone_pickaxe":1,"minecraft:wooden_pickaxe":1,"minecraft:firework_rocket":1},"minecraft:killed_by":{"minecraft:creeper":2,"alexsmobs:bison":1,"alexsmobs:elephant":7,"alexsmobs:crocodile":2,"minecraft:skeleton":5,"minecraft:zombie":1,"alexsmobs:gorilla":1},"minecraft:killed":{"minecraft:spider":1,"minecraft:skeleton":15,"minecraft:horse":2,"alexsmobs:bison":4,"minecraft:pig":5,"alexsmobs:catfish":1,"minecraft:zombie":19,"alexsmobs:crocodile":1,"alexsmobs:elephant":2,"alexsmobs:terrapin":1,"minecraft:cow":6},"minecraft:mined":{"minecraft:white_bed":3,"farmersdelight:rich_soil":5,"minecraft:dark_oak_leaves":2,"minecraft:deepslate_diamond_ore":10,"minecraft:dark_oak_log":10,"minecraft:obsidian":11,"minecraft:grass_block":4,"minecraft:spruce_fence":3,"minecraft:hay_block":37,"minecraft:redstone_ore":1,"minecraft:furnace":2,"minecraft:carrots":1,"minecraft:iron_ore":34,"minecraft:fire":2,"minecraft:andesite":1,"minecraft:deepslate_lapis_ore":2,"minecraft:deepslate_iron_ore":34,"minecraft:oak_stairs":1,"minecraft:stone":7,"minecraft:white_wool":7,"minecraft:smithing_table":1,"minecraft:deepslate_redstone_ore":15,"minecraft:oak_slab":1,"minecraft:smoker":1,"minecraft:crafting_table":5,"minecraft:cornflower":1,"minecraft:blast_furnace":2,"minecraft:sponge":1,"minecraft:tall_grass":18,"minecraft:deepslate_coal_ore":1,"minecraft:deepslate_gold_ore":17,"minecraft:lapis_ore":4,"minecraft:grindstone":1,"minecraft:oak_planks":3,"minecraft:sugar_cane":1,"minecraft:grass":13,"minecraft:coal_ore":44,"minecraft:oak_log":12,"minecraft:dirt":14,"minecraft:sunflower":1,"minecraft:sand":1,"minecraft:oak_leaves":3,"minecraft:deepslate":18}},"DataVersion":3465}