{"stats":{"minecraft:crafted":{"minecraft:emerald":32,"minecraft:crafting_table":1,"minecraft:wooden_pickaxe":1,"minecraft:iron_sword":1,"minecraft:stone_axe":1,"minecraft:air":0,"minecraft:jungle_planks":148,"minecraft:stick":12,"minecraft:iron_pickaxe":1,"minecraft:stone_pickaxe":1,"minecraft:stone_sword":1,"minecraft:chest":1,"minecraft:dark_oak_planks":32,"minecraft:wheat":862},"minecraft:custom":{"minecraft:mob_kills":10,"minecraft:traded_with_villager":32,"minecraft:interact_with_crafting_table":7,"minecraft:open_barrel":1,"minecraft:leave_game":2,"minecraft:time_since_death":56237,"minecraft:sleep_in_bed":3,"minecraft:climb_one_cm":1338,"minecraft:time_since_rest":11124,"minecraft:sprint_one_cm":146638,"minecraft:damage_taken":640,"minecraft:walk_one_cm":97683,"minecraft:drop":20,"minecraft:damage_dealt":2207,"minecraft:swim_one_cm":774,"minecraft:talked_to_villager":20,"minecraft:fly_one_cm":225825,"minecraft:open_chest":23,"minecraft:crouch_one_cm":24675,"minecraft:play_time":56237,"minecraft:sneak_time":7564,"minecraft:walk_under_water_one_cm":399,"minecraft:boat_one_cm":11615,"minecraft:jump":915,"minecraft:walk_on_water_one_cm":4526,"minecraft:total_world_time":56237,"minecraft:fall_one_cm":23082},"minecraft:killed":{"minecraft:husk":1,"alexsmobs:guster":2,"minecraft:trader_llama":1,"minecraft:pillager":5,"minecraft:camel":1},"minecraft:used":{"minecraft:water_bucket":3,"minecraft:stone_sword":4,"minecraft:stone_pickaxe":2,"minecraft:baked_potato":1,"minecraft:chest":1,"minecraft:wooden_pickaxe":41,"minecraft:iron_sword":34,"minecraft:composter":13,"minecraft:cooked_chicken":1,"minecraft:dirt":3,"minecraft:crafting_table":2,"minecraft:chicken":3,"minecraft:bread":10,"minecraft:smooth_sandstone":2,"minecraft:iron_pickaxe":12,"minecraft:stone_axe":31,"minecraft:cobblestone":23,"minecraft:bucket":4,"minecraft:pumpkin_pie":5,"minecraft:egg":1,"minecraft:brown_bed":1},"minecraft:mined":{"minecraft:smithing_table":1,"minecraft:smoker":1,"minecraft:smooth_sandstone":2,"minecraft:crafting_table":1,"minecraft:blast_furnace":1,"minecraft:grass_block":2,"minecraft:yellow_carpet":1,"minecraft:jungle_log":3,"minecraft:light_gray_bed":1,"minecraft:cobblestone":3,"minecraft:grindstone":1,"minecraft:composter":13,"minecraft:wall_torch":1,"minecraft:hay_block":224,"dynamictrees:oak_undergrowth_leaves":1,"minecraft:wheat":1,"minecraft:fire":19,"minecraft:fletching_table":1,"minecraft:gold_block":1,"minecraft:grass":11,"minecraft:bookshelf":10,"minecraft:vine":3,"minecraft:dirt":7,"minecraft:cobweb":4,"minecraft:stone":32,"minecraft:netherrack":3,"minecraft:fern":2},"minecraft:picked_up":{"minecraft:cocoa_beans":5,"minecraft:crafting_table":1,"minecraft:wheat":3,"minecraft:jungle_log":3,"minecraft:leather":2,"minecraft:smithing_table":1,"minecraft:lead":1,"minecraft:smoker":1,"minecraft:brown_bed":1,"minecraft:gold_block":1,"minecraft:string":3,"minecraft:dirt":15,"minecraft:lantern":3,"minecraft:smooth_sandstone":2,"minecraft:wheat_seeds":2,"minecraft:grindstone":1,"minecraft:fletching_table":1,"minecraft:egg":1,"minecraft:book":30,"minecraft:composter":13,"minecraft:torch":1,"minecraft:blast_furnace":1,"alexsmobs:guster_eye":1,"minecraft:rotten_flesh":4,"minecraft:cactus":2,"minecraft:light_gray_bed":1,"minecraft:hay_block":239,"minecraft:netherrack":3,"minecraft:melon_seeds":2,"minecraft:coal":1,"minecraft:cobblestone":35},"minecraft:dropped":{"minecraft:wheat_seeds":1,"minecraft:cocoa_beans":5,"minecraft:chicken":1,"minecraft:rotten_flesh":4,"minecraft:lantern":3,"minecraft:jungle_planks":13,"minecraft:dirt":6,"minecraft:torch":1,"minecraft:melon_seeds":2,"minecraft:netherrack":3}},"DataVersion":3465}