{"stats":{"minecraft:picked_up":{"minecraft:book":30,"minecraft:crafting_table":1,"minecraft:jungle_log":3,"minecraft:leather":2,"minecraft:smithing_table":1,"minecraft:lead":1,"minecraft:smoker":1,"minecraft:gold_block":1,"minecraft:lantern":1,"minecraft:string":3,"minecraft:dirt":15,"minecraft:cactus":2,"minecraft:light_gray_bed":1,"minecraft:wheat_seeds":2,"minecraft:hay_block":100,"minecraft:grindstone":1,"minecraft:fletching_table":1,"minecraft:netherrack":3,"minecraft:coal":1,"minecraft:cobblestone":32,"minecraft:egg":1},"minecraft:killed":{"minecraft:trader_llama":1,"minecraft:pillager":5},"minecraft:custom":{"minecraft:time_since_rest":11206,"minecraft:sprint_one_cm":62544,"minecraft:damage_taken":399,"minecraft:walk_one_cm":44336,"minecraft:mob_kills":6,"minecraft:drop":1,"minecraft:damage_dealt":1367,"minecraft:interact_with_crafting_table":7,"minecraft:fly_one_cm":69381,"minecraft:open_barrel":1,"minecraft:open_chest":12,"minecraft:crouch_one_cm":16661,"minecraft:play_time":30183,"minecraft:sneak_time":4983,"minecraft:boat_one_cm":11615,"minecraft:jump":361,"minecraft:leave_game":2,"minecraft:time_since_death":30183,"minecraft:sleep_in_bed":1,"minecraft:climb_one_cm":1105,"minecraft:total_world_time":30183,"minecraft:fall_one_cm":8999},"minecraft:crafted":{"minecraft:crafting_table":1,"minecraft:stick":12,"minecraft:iron_pickaxe":1,"minecraft:wooden_pickaxe":1,"minecraft:stone_pickaxe":1,"minecraft:chest":1,"minecraft:stone_sword":1,"minecraft:iron_sword":1,"minecraft:dark_oak_planks":32,"minecraft:stone_axe":1,"minecraft:jungle_planks":148},"minecraft:used":{"minecraft:stone_sword":4,"minecraft:chicken":3,"minecraft:stone_pickaxe":2,"minecraft:baked_potato":1,"minecraft:iron_pickaxe":5,"minecraft:chest":1,"minecraft:wooden_pickaxe":41,"minecraft:iron_sword":19,"minecraft:cooked_chicken":1,"minecraft:stone_axe":16,"minecraft:dirt":3,"minecraft:cobblestone":11,"minecraft:crafting_table":2,"minecraft:pumpkin_pie":5,"minecraft:egg":1},"minecraft:mined":{"minecraft:smithing_table":1,"minecraft:hay_block":101,"minecraft:fire":19,"minecraft:smoker":1,"minecraft:gold_block":1,"minecraft:fletching_table":1,"minecraft:crafting_table":1,"minecraft:grass":11,"minecraft:bookshelf":10,"minecraft:grass_block":2,"minecraft:vine":3,"minecraft:jungle_log":3,"minecraft:light_gray_bed":1,"minecraft:dirt":7,"minecraft:cobweb":4,"minecraft:netherrack":3,"minecraft:grindstone":1,"minecraft:stone":32,"minecraft:fern":1},"minecraft:dropped":{"minecraft:dirt":6}},"DataVersion":3465}